Date,Spread
2016-01-04,-1.2138014783545452
2016-01-05,-1.1262349395817852
2016-01-06,-1.275206401563133
2016-01-07,-1.3169327196571923
2016-01-08,-1.371231516184536
2016-01-11,-1.3909875859753291
2016-01-12,-1.3871485981662037
2016-01-13,-1.4259511280343988
2016-01-14,-1.3473672836538342
2016-01-15,-1.4882946384870843
2016-01-19,-1.34740186874647
2016-01-20,-1.704137982206306
2016-01-21,-2.1104375261780053
2016-01-22,-1.9580259089096375
2016-01-25,-1.9455081142690274
2016-01-26,-1.8164443624702031
2016-01-27,-1.810750310510583
2016-01-28,-1.9195818866261796
2016-01-29,-1.5644309280715136
2016-02-01,-1.6594281865635125
2016-02-02,-1.8091443863594838
2016-02-03,-1.7831980600165984
2016-02-04,-1.7112246807333995
2016-02-05,-1.697486585394329
2016-02-08,-1.9427164745121013
2016-02-09,-1.9525186892116313
2016-02-10,-2.06776828585554
2016-02-11,-2.158788188984788
2016-02-12,-2.0574698027948917
2016-02-16,-2.0786040327605617
2016-02-17,-1.8522690270971047
2016-02-18,-1.7609189186224246
2016-02-19,-1.746359961884242
2016-02-22,-1.625513206111129
2016-02-23,-1.6385417555054569
2016-02-24,-1.7605742268843931
2016-02-25,-1.7153882615805176
2016-02-26,-1.6079147469397628
2016-02-29,-1.650922396146931
2016-03-01,-1.3251781454594977
2016-03-02,-1.4577229842599535
2016-03-03,-1.3485875843522932
2016-03-04,-1.1832782250667582
2016-03-07,-1.0728615578146334
2016-03-08,-1.1894283479874186
2016-03-09,-1.124789529907571
2016-03-10,-1.1699962644573765
2016-03-11,-0.9645269206060477
2016-03-14,-0.9593298713220818
2016-03-15,-1.0575175383244626
2016-03-16,-1.0102085474937987
2016-03-17,-1.0039421035885718
2016-03-18,-1.0146822349863112
2016-03-21,-1.0243127743627132
2016-03-22,-1.0151024435315859
2016-03-23,-1.0040396669648766
2016-03-24,-1.0315705414356897
2016-03-28,-1.053333858777307
2016-03-29,-0.9673531454556071
2016-03-30,-0.9604174167743564
2016-03-31,-0.9449224912069886
2016-04-01,-0.7808548724117289
2016-04-04,-0.8043744132044018
2016-04-05,-0.8994477952808878
2016-04-06,-0.9113515957153926
2016-04-07,-1.0810723347556612
2016-04-08,-1.07706100107752
2016-04-11,-1.0762400759097646
2016-04-12,-0.9339545958330269
2016-04-13,-0.8086958535279376
2016-04-14,-0.8899946073036973
2016-04-15,-0.9412193163052217
2016-04-18,-0.8736787565685702
2016-04-19,-0.37054967083797247
2016-04-20,-0.4002802374286656
2016-04-21,-0.5783344210164999
2016-04-22,-0.6608950139825738
2016-04-25,-0.6740204562073138
2016-04-26,-0.6351964865473037
2016-04-27,-0.6703532074899611
2016-04-28,-0.6909294681339738
2016-04-29,-0.7013795915863577
2016-05-02,-0.6724346307562522
2016-05-03,-0.7783783448303951
2016-05-04,-0.754493279285121
2016-05-05,-0.8015337019622444
2016-05-06,-0.8026231952835429
2016-05-09,-0.8044561490963312
2016-05-10,-0.6765781129033326
2016-05-11,-0.7832112104535373
2016-05-12,-0.7252797503014738
2016-05-13,-0.7656882043207693
2016-05-16,-0.8206210937542563
2016-05-17,-0.856617497472932
2016-05-18,-0.7686176048540756
2016-05-19,-0.7790677283064569
2016-05-20,-0.6816443548101355
2016-05-23,-0.7800804912660216
2016-05-24,-0.721598015191522
2016-05-25,-0.6038461161901562
2016-05-26,-0.5212093996395952
2016-05-27,-0.5213056219241226
2016-05-31,-0.5077392656768237
2016-06-01,-0.5663400106049099
2016-06-02,-0.5528698766421359
2016-06-03,-0.7506391983061534
2016-06-06,-0.659330628323326
2016-06-07,-0.6869376263786287
2016-06-08,-0.6809957755113945
2016-06-09,-0.6579511270566694
2016-06-10,-0.6935072235300317
2016-06-13,-0.639836907601391
2016-06-14,-0.58421463469184
2016-06-15,-0.5378428900134965
2016-06-16,-0.5342316661805921
2016-06-17,-0.5914944483338769
2016-06-20,-0.5418561715606605
2016-06-21,-0.5539122191641408
2016-06-22,-0.5403458629168421
2016-06-23,-0.42964540680404545
2016-06-24,-0.9060022992624499
2016-06-27,-1.082961983998789
2016-06-28,-0.9907563652637151
2016-06-29,-0.7873691789932145
2016-06-30,-0.7596847162616448
2016-07-01,-0.8834746884147708
2016-07-05,-1.0006347035477337
2016-07-06,-1.0910468953242058
2016-07-07,-1.171332949909044
2016-07-08,-1.0892340402114553
2016-07-11,-1.0840570896275283
2016-07-12,-1.0216374555903542
2016-07-13,-1.1527273400855538
2016-07-14,-1.1327436338558274
2016-07-15,-1.0396567938528851
2016-07-18,-0.9884320848513608
2016-07-19,-1.0365612665352495
2016-07-20,-1.212684932933992
2016-07-21,-1.0779069667068653
2016-07-22,-1.0990972215569883
2016-07-25,-1.0111112085534821
2016-07-26,-0.7960667434329594
2016-07-27,-0.7003045846576571
2016-07-28,-0.881282556471353
2016-07-29,-0.9394624860769218
2016-08-01,-0.887376654507564
2016-08-02,-1.0229748115879116
2016-08-03,-1.0223262322891706
2016-08-04,-1.1009309096843098
2016-08-05,-1.0233050169333464
2016-08-08,-0.9554958890431519
2016-08-09,-1.001790169045232
2016-08-10,-1.0713373695554635
2016-08-11,-1.0238774726475977
2016-08-12,-1.0817874930078462
2016-08-15,-1.12575382815915
2016-08-16,-1.1347904720294841
2016-08-17,-1.1229061635177742
2016-08-18,-1.1426628400858112
2016-08-19,-1.1044113261400512
2016-08-22,-1.0620528630088681
2016-08-23,-1.0295714608385718
2016-08-24,-1.0423723100253217
2016-08-25,-1.0777962580297438
2016-08-26,-1.0245662493464165
2016-08-29,-0.9296451144389074
2016-08-30,-0.8743329481747522
2016-08-31,-0.9593008985368883
2016-09-01,-0.9145891550250708
2016-09-02,-0.9423905455184495
2016-09-06,-0.954006285876619
2016-09-07,-0.9966132184613038
2016-09-08,-0.9910915761393442
2016-09-09,-1.0567035665559266
2016-09-12,-1.150403059673198
2016-09-13,-1.12476055712238
2016-09-14,-1.117385127973061
2016-09-15,-1.0511058006494785
2016-09-16,-1.160412875880267
2016-09-19,-1.1340456704462183
2016-09-20,-1.0684149224213768
2016-09-21,-1.0070633419136863
2016-09-22,-1.028502066217311
2016-09-23,-1.025235534122438
2016-09-26,-1.1595517533124338
2016-09-27,-1.2328057931628504
2016-09-28,-1.2830385722193822
2016-09-29,-1.3185946686927432
2016-09-30,-1.1681890216520643
2016-10-03,-1.1273383125184329
2016-10-04,-0.9974542423290982
2016-10-05,-0.8562790248195868
2016-10-06,-0.8125819921363567
2016-10-07,-0.7965907344392222
2016-10-10,-0.8518468758189269
2016-10-11,-0.9894510668956106
2016-10-12,-0.9569696647253131
2016-10-13,-0.9373457434034604
2016-10-14,-0.9338508405551224
2016-10-17,-0.8819373548547815
2016-10-18,-0.94055759170566
2016-10-19,-1.0934302854652702
2016-10-20,-1.1834215981505791
2016-10-21,-1.1961463237528394
2016-10-24,-1.2343217141141123
2016-10-25,-1.840250649430518
2016-10-26,-1.8371004383202088
2016-10-27,-1.7291299847724468
2016-10-28,-1.6018790880863742
2016-10-31,-1.6301768107095147
2016-11-01,-1.590167732220923
2016-11-02,-1.5923260133862356
2016-11-03,-1.5354079229709823
2016-11-04,-1.6454037749005872
2016-11-07,-1.6196706623726826
2016-11-08,-1.540472823786009
2016-11-09,-1.5049783645045396
2016-11-10,-1.6204626147552446
2016-11-11,-1.7249783628547437
2016-11-14,-1.5008625412339607
2016-11-15,-1.6653704672745338
2016-11-16,-1.7755739844803209
2016-11-17,-1.8665038844097277
2016-11-18,-1.8728665505994804
2016-11-21,-1.9124755192428353
2016-11-22,-1.908959176602681
2016-11-23,-2.105950452682573
2016-11-25,-1.9622100183005804
2016-11-28,-2.02646394724232
2016-11-29,-1.9361473072044866
2016-11-30,-1.9494846859210748
2016-12-01,-1.7246254038088018
2016-12-02,-1.9100335767541374
2016-12-05,-1.626340173430115
2016-12-06,-1.6131399487126628
2016-12-07,-1.2889808529304023
2016-12-08,-1.2844731871224992
2016-12-09,-1.4120455154230536
2016-12-12,-1.3450585262551065
2016-12-13,-1.2353091959099831
2016-12-14,-1.361373770212992
2016-12-15,-1.233496947574479
2016-12-16,-1.3811304467810266
2016-12-19,-1.350579561799822
2016-12-20,-1.274937656476133
2016-12-21,-1.198167273985563
2016-12-22,-1.29041503798973
2016-12-23,-1.3902841459504554
2016-12-27,-1.3803315681823303
2016-12-28,-1.3129212090455977
2016-12-29,-1.3194361224043247
2016-12-30,-1.3474079108976966
2017-01-03,-1.2373359353836058
2017-01-04,-1.2469865734600503
2017-01-05,-1.1692028212326628
2017-01-06,-1.2403553391167494
2017-01-09,-1.3445615873481007
2017-01-10,-1.4423498788197766
2017-01-11,-1.3805033072741006
2017-01-12,-1.230056728518813
2017-01-13,-1.3442570930101445
2017-01-17,-1.1493077771110027
2017-01-18,-2.1477773918141123
2017-01-19,-2.0458815443797667
2017-01-20,-2.0867309124216207
2017-01-23,-2.099856354646362
2017-01-24,-2.184767066569558
2017-01-25,-2.3055030498969034
2017-01-26,-2.3584104134112596
2017-01-27,-2.3104315310273265
2017-01-30,-2.2572568129139152
2017-01-31,-2.227029914193458
2017-02-01,-2.210045992236799
2017-02-02,-2.1689267149496243
2017-02-03,-2.228408681145581
2017-02-06,-2.1384160273684953
2017-02-07,-2.0572890126845085
2017-02-08,-1.9551440890194132
2017-02-09,-1.8869543432067803
2017-02-10,-1.9879141580432926
2017-02-13,-1.9552051194340594
2017-02-14,-1.9875555866899073
2017-02-15,-1.944050998575732
2017-02-16,-2.1060932189891486
2017-02-17,-2.111614254533864
2017-02-21,-2.0240691555529158
2017-02-22,-2.0397930586509965
2017-02-23,-2.0891067423862215
2017-02-24,-1.9980051033650457
2017-02-27,-1.9772571036292599
2017-02-28,-1.964360032157984
2017-03-01,-1.9776419927673643
2017-03-02,-1.8603255230184055
2017-03-03,-1.916174825589642
2017-03-06,-2.041054291064065
2017-03-07,-1.7942744389110004
2017-03-08,-1.7011114753235685
2017-03-09,-1.6485488035472438
2017-03-10,-1.50070081320258
2017-03-13,-1.3792420748610317
2017-03-14,-1.356885596327875
2017-03-15,-1.3012092464028973
2017-03-16,-1.309425699420009
2017-03-17,-1.4633469547863118
2017-03-20,-1.4075737757995612
2017-03-21,-0.9538627358593398
2017-03-22,-1.0707390259002767
2017-03-23,-1.1044822672608872
2017-03-24,-1.2721410111890123
2017-03-27,-1.3534963966264668
2017-03-28,-1.3538605802872905
2017-03-29,-1.3788904297237818
2017-03-30,-1.496207027010031
2017-03-31,-1.4698203296531887
2017-04-03,-1.5012877553094306
2017-04-04,-1.4016665100249652
2017-04-05,-1.2466915599844917
2017-04-06,-1.3360350276855917
2017-04-07,-1.3396274939102344
2017-04-10,-1.3571083547739031
2017-04-11,-1.172960073149859
2017-04-12,-1.224088559866856
2017-04-13,-1.24600217650843
2017-04-17,-1.2179944618306464
2017-04-18,-1.2449333886644145
2017-04-19,-1.309151391421741
2017-04-20,-1.5904803169333324
2017-04-21,-1.5681250519546714
2017-04-24,-1.4675514673480385
2017-04-25,-1.301153828295698
2017-04-26,-1.1459713405163265
2017-04-27,-0.9768589196060777
2017-04-28,-1.1613298463990942
2017-05-01,-1.3357167812695745
2017-05-02,-1.3808259524430704
2017-05-03,-1.518893104111372
2017-05-04,-1.4863349715793432
2017-05-05,-1.3799302447826038
2017-05-08,-1.2714433604050401
2017-05-09,-1.168801497832934
2017-05-10,-1.1843744948538155
2017-05-11,-1.1068386053026942
2017-05-12,-1.2020062617946874
2017-05-15,-1.2431255390818594
2017-05-16,-1.2467387107837866
2017-05-17,-1.5312460858763461
2017-05-18,-1.3780708456478037
2017-05-19,-1.3747262420994186
2017-05-22,-1.2319243949615262
2017-05-23,-1.2865332981342645
2017-05-24,-1.3326558390445733
2017-05-25,-1.4000454927040265
2017-05-26,-1.2325376548530982
2017-05-30,-1.2344480733421521
2017-05-31,-1.121410771110342
2017-06-01,-0.9680832837128217
2017-06-02,-0.8951518890313749
2017-06-05,-0.9073802825038709
2017-06-06,-1.1024957251873435
2017-06-07,-1.0220028034094986
2017-06-08,-1.1200608765892082
2017-06-09,-1.0954920398753145
2017-06-12,-1.0419159983621746
2017-06-13,-0.9550395773800098
2017-06-14,-0.9270111572249431
2017-06-15,-0.7574986264694588
2017-06-16,-0.5524085594487995
2017-06-19,-0.5796368874506791
2017-06-20,-0.555675825858202
2017-06-21,-0.4850951569111238
2017-06-22,-0.3729976554778984
2017-06-23,-0.24012755309356026
2017-06-26,-0.34670657362833807
2017-06-27,-0.18315538566287773
2017-06-28,-0.0797120898458148
2017-06-29,-0.24263613830434919
2017-06-30,-0.21208525332314468
2017-07-03,-0.1828163062322909
2017-07-05,-0.19363122012274253
2017-07-06,-0.3195033498566917
2017-07-07,-0.3557690560434413
2017-07-10,-0.3264792759380216
2017-07-11,-0.40892294114228134
2017-07-12,-0.3375974706119362
2017-07-13,-0.44066014850655955
2017-07-14,-0.3529213914020656
2017-07-17,-0.32244663000535195
2017-07-18,-0.3175734394448416
2017-07-19,-1.8282850348706645
2017-07-20,-1.6834922469062756
2017-07-21,-1.4010393705180404
2017-07-24,-1.5686414827844708
2017-07-25,-1.639222151731549
2017-07-26,-1.3968543498791075
2017-07-27,-1.458127858933287
2017-07-28,-1.4330023939895133
2017-07-31,-1.4717709455423207
2017-08-01,-1.4108409146716794
2017-08-02,-1.3853902499126707
2017-08-03,-1.3827916615020444
2017-08-04,-1.4406678310841903
2017-08-07,-1.5128128856905136
2017-08-08,-1.4440110935407946
2017-08-09,-1.2185731366295853
2017-08-10,-1.2590376155333314
2017-08-11,-1.2042003416071252
2017-08-14,-1.190427054398175
2017-08-15,-1.1816375388895664
2017-08-16,-1.0873089583963476
2017-08-17,-1.326770619839035
2017-08-18,-1.1116299324339836
2017-08-21,-1.007650713864324
2017-08-22,-0.9320874867713925
2017-08-23,-0.94389506492137
2017-08-24,-0.8235232652548496
2017-08-25,-0.7952261494089533
2017-08-28,-0.8033262814415003
2017-08-29,-0.7880784842358568
2017-08-30,-0.847596376616227
2017-08-31,-0.7696591636653782
2017-09-01,-0.7842394964267325
2017-09-05,-0.852235456578537
2017-09-06,-0.9145236764613038
2017-09-07,-0.5906275365251468
2017-09-08,-0.4013029110944199
2017-09-11,-0.38619226788791233
2017-09-12,-0.5648584978128293
2017-09-13,-1.2236538649289848
2017-09-14,-1.317236430284446
2017-09-15,-1.3163198896094084
2017-09-18,-1.3225303086301845
2017-09-19,-1.3345869630109115
2017-09-20,-1.1603164766622864
2017-09-21,-1.0200383079050153
2017-09-22,-1.1384028600207063
2017-09-25,-1.287643496932845
2017-09-26,-1.2478061575360235
2017-09-27,-1.1396086743265736
2017-09-28,-1.089301112777332
2017-09-29,-1.1911013447043959
2017-10-02,-1.1418071528919644
2017-10-03,-1.0593427822104178
2017-10-04,-1.0794982275319132
2017-10-05,-0.9764783016836357
2017-10-06,-0.8728451159437837
2017-10-09,-0.9054768174140352
2017-10-10,-0.8473944511847749
2017-10-11,-0.6329223142412117
2017-10-12,-0.5724685168002995
2017-10-13,-0.6039371560110322
2017-10-16,-0.9447216023965639
2017-10-17,-0.9361604576414229
2017-10-18,-0.5725848377848634
2017-10-19,-0.29230960694744534
2017-10-20,-0.3940350563817981
2017-10-23,-0.3439752299715286
2017-10-24,-0.16752709807207883
2017-10-25,-0.37551877921225646
2017-10-26,-0.36917815959156774
2017-10-27,-0.4161216256696318
2017-10-30,-0.337591858304494
2017-10-31,-0.548948976007624
2017-11-01,-0.5873714947306224
2017-11-02,-0.5837042460132661
2017-11-03,-0.561445937633667
2017-11-06,-0.6358655943898669
2017-11-07,-0.6486255118620108
2017-11-08,-0.4596041672147455
2017-11-09,-0.533507393141151
2017-11-10,-0.338371244980393
2017-11-13,-0.52531177313861
2017-11-14,-0.7036345248799848
2017-11-15,-0.5211475855142503
2017-11-16,-0.43919964566250314
2017-11-17,-0.490444453364064
2017-11-20,-0.5226012624963688
2017-11-21,-0.40280373887583587
2017-11-22,-0.33875747521028093
2017-11-24,-0.3488830056246696
2017-11-27,-0.29253797770091305
2017-11-28,-0.20837646611393562
2017-11-29,-0.20282084547659182
2017-11-30,-0.2645912934377745
2017-12-01,-0.3811215506489026
2017-12-04,-0.4724930989153964
2017-12-05,-0.633177130316685
2017-12-06,-0.7440895229213322
2017-12-07,-0.8290014483990165
2017-12-08,-0.8523687420227152
2017-12-11,-0.7804520581698495
2017-12-12,-0.7782176534200533
2017-12-13,-0.7754266204403699
2017-12-14,-0.8173461174180158
2017-12-15,-0.7485638171910927
2017-12-18,-0.8729878822503605
2017-12-19,-0.9477327388218008
2017-12-20,-0.8548162968188553
2017-12-21,-0.7881368596500359
2017-12-22,-0.9825836243347272
2017-12-26,-0.9618149191216523
2017-12-27,-0.9080671385167497
2017-12-28,-0.6897768467786356
2017-12-29,-0.650836556134058
2018-01-02,-0.7264218297960499
2018-01-03,-0.6672486291537136
2018-01-04,-0.4544793729603127
2018-01-05,-0.3817417639396916
2018-01-08,-0.26203985582644307
2018-01-09,-0.24534278039162744
2018-01-10,-0.15346175469454876
2018-01-11,-0.23459011047031278
2018-01-12,-0.1506556285450257
2018-01-16,-0.20128717635501703
2018-01-17,-0.11389432454305018
2018-01-18,-0.09937062344339197
2018-01-19,-0.12058097699355019
2018-01-22,-0.1016854229933464
2018-01-23,-0.33658278696642874
2018-01-24,-0.5394938673444933
2018-01-25,-0.705222700860771
2018-01-26,-0.6013611443674537
2018-01-29,-0.4486802883996566
2018-01-30,-0.43299218394869965
2018-01-31,-0.46663859624754117
2018-02-01,-0.5595191120660761
2018-02-02,-0.8292825822592237
2018-02-05,-0.9571550061447776
2018-02-06,-0.9268921812399097
2018-02-07,-1.1139824019208318
2018-02-08,-1.2422008586361943
2018-02-09,-1.2320186965601183
2018-02-12,-1.011225431918655
2018-02-13,-0.987532938479721
2018-02-14,-0.7949052479924665
2018-02-15,-0.4475102727409132
2018-02-16,-0.3180263123968167
2018-02-20,-0.2980978967370092
2018-02-21,-0.24570830514423234
2018-02-22,-0.13633946518426177
2018-02-23,0.012611770559765326
2018-02-26,0.279775438787786
2018-02-27,0.07277629436984759
2018-02-28,-0.21047546061708147
2018-03-01,-0.514479111077844
2018-03-02,-0.547993981684993
2018-03-05,-0.3279455186267993
2018-03-06,-0.4237277761021418
2018-03-07,-0.4373130174949851
2018-03-08,-0.30914692122565485
2018-03-09,-0.010438490202405667
2018-03-12,0.0030731822522222394
2018-03-13,0.11427497602497358
2018-03-14,0.03211937089704548
2018-03-15,-0.030071892386659548
2018-03-16,0.13323143290253953
2018-03-19,0.07254926470815971
2018-03-20,0.0011476705933236115
2018-03-21,0.08116570003322568
2018-03-22,-0.09485600423626454
2018-03-23,-0.009215711436930254
2018-03-26,0.1891625989029907
2018-03-27,0.21885797362380402
2018-03-28,0.13975635732165778
2018-03-29,0.31316572110245194
2018-04-02,0.3416761145319764
2018-04-03,0.5202618221194522
2018-04-04,0.5303678606110472
2018-04-05,0.4260646557806417
2018-04-06,0.2613132658167637
2018-04-09,0.3488583647977073
2018-04-10,0.2833596377045195
2018-04-11,0.22628930012028947
2018-04-12,0.4580290203438919
2018-04-13,0.6475127188055272
2018-04-16,0.7561505092602905
2018-04-17,1.2721426881467763
2018-04-18,1.3047952226316015
2018-04-19,1.195579970932385
2018-04-20,0.9104511689945469
2018-04-23,0.8583854361252256
2018-04-24,0.6696131677087124
2018-04-25,0.5308993846106912
2018-04-26,0.5981908681165945
2018-04-27,0.5376608195539049
2018-04-30,0.714074493898003
2018-05-01,0.5727829554039265
2018-05-02,0.4309170133265761
2018-05-03,0.577103788950217
2018-05-04,0.5183098651385455
2018-05-07,0.5906292134829096
2018-05-08,0.568272734949758
2018-05-09,0.5335948020830902
2018-05-10,0.6871701521568706
2018-05-11,0.8791900675227086
2018-05-14,0.8935974476378006
2018-05-15,0.5680413065351188
2018-05-16,0.6936089419311093
2018-05-17,0.5917130944967636
2018-05-18,0.6921954623490661
2018-05-21,0.7011358839348768
2018-05-22,0.5703699857004246
2018-05-23,0.6911059690277651
2018-05-24,0.5203309923047236
2018-05-25,0.6131146790614883
2018-05-29,0.38995693660759523
2018-05-30,0.3532509231755347
2018-05-31,0.2759269701162592
2018-06-01,0.6482159818969441
2018-06-04,0.4736767998574844
2018-06-05,0.43257956913936885
2018-06-06,0.3895857995475557
2018-06-07,0.45110838483248455
2018-06-08,0.34947989199719365
2018-06-11,0.26292867083026156
2018-06-12,0.2524584486778389
2018-06-13,0.15602700512651388
2018-06-14,0.36111573105540073
2018-06-15,0.439645498420536
2018-06-18,0.44650388996280893
2018-06-19,0.48507999694655896
2018-06-20,0.49889226800109765
2018-06-21,0.4091500315465382
2018-06-22,0.5053531043443955
2018-06-25,0.2715093075082011
2018-06-26,0.4177720791790388
2018-06-27,0.3669884117373623
2018-06-28,0.3833048692497334
2018-06-29,0.27734044969830746
2018-07-02,0.2660077638862766
2018-07-03,0.13904748192280625
2018-07-05,0.18266839102154786
2018-07-06,0.13862666660028636
2018-07-09,0.2905766006001728
2018-07-10,0.2809675010155885
2018-07-11,0.25637917237889624
2018-07-12,0.36805707204408744
2018-07-13,0.466763117745294
2018-07-16,0.4873186729120275
2018-07-17,0.4474618415924099
2018-07-18,1.1648712264747616
2018-07-19,0.5594040381954819
2018-07-20,0.5045875972838492
2018-07-23,0.8582080847260155
2018-07-24,0.9165383136315347
2018-07-25,0.9105203391798183
2018-07-26,0.7921362951413261
2018-07-27,0.5951658520760061
2018-07-30,0.5045265668692028
2018-07-31,0.5438103356973212
2018-08-01,0.41086666437476516
2018-08-02,0.22652593818166394
2018-08-03,0.33575628305072247
2018-08-06,0.5004937933992466
2018-08-07,0.5006460405682234
2018-08-08,0.4684880178814328
2018-08-09,0.36386216788205233
2018-08-10,0.07518365176590987
2018-08-13,0.007317892214021767
2018-08-14,0.08689440085411719
2018-08-15,-0.001298670648323345
2018-08-16,-0.2012317582478079
2018-08-17,-0.1814764227715481
2018-08-20,-0.14683613265869752
2018-08-21,0.0029209350832404397
2018-08-22,-0.023771470166046197
2018-08-23,-0.08569416529621066
2018-08-24,-0.029691274464220038
2018-08-27,0.28052024037105555
2018-08-28,0.29366638807307854
2018-08-29,0.1712137719175111
2018-08-30,0.11523292765457958
2018-08-31,0.10718821372923797
2018-09-04,0.1675256901855888
2018-09-05,-0.1408540843913867
2018-09-06,-0.19658706597806191
2018-09-07,-0.1766586503182519
2018-09-10,0.02617752002981753
2018-09-11,-0.14167366846736235
2018-09-12,-0.04277651928888092
2018-09-13,0.06084291437290386
2018-09-14,0.24432251799816923
2018-09-17,0.09483401840977936
2018-09-18,0.3188390038161468
2018-09-19,0.2807957619238131
2018-09-20,0.17895399150489663
2018-09-21,0.09658523633063458
2018-09-24,0.03357304787916908
2018-09-25,-0.03832293049640727
2018-09-26,-0.1293635391029369
2018-09-27,-0.021028901894352407
2018-09-28,-0.0789396565691365
2018-10-01,0.19636689573778576
2018-10-02,0.2920509830595757
2018-10-03,0.22957165969953153
2018-10-04,0.28478699690191417
2018-10-05,0.3028811176571586
2018-10-08,0.3270498445258167
2018-10-09,0.1687718294288131
2018-10-10,-0.1349412063093448
2018-10-11,-0.18744029302476012
2018-10-12,0.16861265604369688
2018-10-15,0.1284513303861382
2018-10-16,0.2711563484622554
2018-10-17,-0.7394239976370104
2018-10-18,-0.525580341292153
2018-10-19,-0.3548814881535974
2018-10-22,-0.19218581044853073
2018-10-23,-0.3988609686057244
2018-10-24,-0.3464656371682137
2018-10-25,-0.5317644425282039
2018-10-26,-0.6759797692481444
2018-10-29,-0.6964453212150357
2018-10-30,-0.47223267053248097
2018-10-31,-0.3950068876267555
2018-11-01,-0.5097041910250953
2018-11-02,-0.6476536806170533
2018-11-05,-0.3553633338907661
2018-11-06,-0.362739369817324
2018-11-07,0.019025986301754474
2018-11-08,0.12013804830724852
2018-11-09,-0.17920313453037132
2018-11-12,-0.1879511115471148
2018-11-13,-0.02254747784608259
2018-11-14,-0.10798971376891506
2018-11-15,0.010010654685951095
2018-11-16,0.1339931989454147
2018-11-19,0.16186937193150452
2018-11-20,0.07862561457405773
2018-11-21,0.014235872724959535
2018-11-23,0.1351990132512795
2018-11-26,0.27771280031283774
2018-11-27,0.2182156134097543
2018-11-28,0.35839829419702524
2018-11-29,0.13275267200962754
2018-11-30,0.39749083201057966
2018-12-03,0.2881623169879761
2018-12-04,0.10946590072337746
2018-12-06,-0.2771323210188531
2018-12-07,-0.38867319422219626
2018-12-10,-0.05252916889074821
2018-12-11,-0.1774086343651703
2018-12-12,-0.14678162579947865
2018-12-13,0.043446874245423726
2018-12-14,0.1793344324938841
2018-12-17,0.14293791892997398
2018-12-18,-0.0848872966772624
2018-12-19,-0.12435850454423612
2018-12-20,-0.3463380915687669
2018-12-21,-0.5195184778188505
2018-12-24,-0.5885272009302224
2018-12-26,-0.4639779408012312
2018-12-27,-0.13249944075410508
2018-12-28,-0.12262177301597518
2018-12-31,-0.0866454679973396
2019-01-02,-0.15848663504295593
2019-01-03,-0.5699832920672671
2019-01-04,-0.3917422762178202
2019-01-07,-0.4548707856538482
2019-01-08,-0.5610069442970446
2019-01-09,-0.5037662087128214
2019-01-10,-0.5071088643921828
2019-01-11,-0.4753162389207017
2019-01-14,-0.5813977137712246
2019-01-15,-0.46949144335256576
2019-01-16,-0.49104648864075673
2019-01-17,-0.09022771904504921
2019-01-18,-0.07303491825771599
2019-01-22,-0.2155890302566387
2019-01-23,-0.31469384471130357
2019-01-24,-0.4067673149774382
2019-01-25,-0.05285876745894006
2019-01-28,-0.1275275004458907
2019-01-29,-0.27023251852201413
2019-01-30,-0.2435206213499339
2019-01-31,-0.3058641318026195
2019-02-01,-0.39535984667269625
2019-02-04,-0.2708055810135108
2019-02-05,0.0014249358985642725
2019-02-06,0.018907010316719843
2019-02-07,-0.44679709894331304
2019-02-08,-0.41657020022285574
2019-02-11,-0.45014170249169705
2019-02-12,-0.1583664455034331
2019-02-13,-0.14237518780629735
2019-02-14,-0.16010512490071546
2019-02-15,-0.15370787361832694
2019-02-19,-0.3158650739245314
2019-02-20,-0.366862018949836
2019-02-21,-0.34490686381641067
2019-02-22,-0.321883048376254
2019-02-25,-0.28940225298320194
2019-02-26,-0.11644828961756457
2019-02-27,-0.20017389271217378
2019-02-28,-0.22980957811011815
2019-03-01,-0.14667652942979795
2019-03-04,-0.04980477863315822
2019-03-05,0.005529434200057481
2019-03-06,0.030081836652334208
2019-03-07,-0.18501731226086454
2019-03-08,-0.3086563783367886
2019-03-11,-0.38384032859905415
2019-03-12,-0.3923058578469157
2019-03-13,-0.2296919160337783
2019-03-14,0.14964659076644682
2019-03-15,0.2506825291874549
2019-03-18,0.24704986556273179
2019-03-19,0.2243914473378946
2019-03-20,0.35204685262215674
2019-03-21,0.7748975077130196
2019-03-22,0.6713642086961156
2019-03-25,0.47474040523784733
2019-03-26,0.553131805049361
2019-03-27,0.5012384180490579
2019-03-28,0.46705486944313396
2019-03-29,0.49500790032824415
2019-04-01,0.515790485156668
2019-04-02,0.5413933970846536
2019-04-03,0.7162552242930782
2019-04-04,0.7916687588632997
2019-04-05,0.7779300567469901
2019-04-08,0.7000910139496876
2019-04-09,0.7013729518400396
2019-04-10,0.61338754561378
2019-04-11,0.622002767384349
2019-04-12,0.5037709705148385
2019-04-15,0.5540980239868762
2019-04-16,0.6282296206667483
2019-04-17,-0.05515407508609591
2019-04-18,0.08994320721624768
2019-04-22,-0.03730647591533671
2019-04-23,0.557228136397144
2019-04-24,0.9036870790508625
2019-04-25,0.8691990361069837
2019-04-26,0.800127462249232
2019-04-29,0.7904768241727913
2019-04-30,0.7806003699891496
2019-05-01,0.7338273019110824
2019-05-02,0.7283616844735722
2019-05-03,0.8359125362533062
2019-05-06,0.7418318184363424
2019-05-07,0.7197659546257942
2019-05-08,0.7189450294580387
2019-05-09,0.6682927761707657
2019-05-10,0.7656406328598465
2019-05-13,0.6209893976475439
2019-05-14,0.541601062360837
2019-05-15,0.6465161859910386
2019-05-16,0.6141864242124764
2019-05-17,0.38785141854902194
2019-05-20,0.3255633262035405
2019-05-21,0.4609891374148749
2019-05-22,0.40275573757112215
2019-05-23,-0.044125883612026184
2019-05-24,0.0985803480185892
2019-05-28,-0.05021864055645736
2019-05-29,-0.13996221810279416
2019-05-30,-0.33832409418110065
2019-05-31,-0.5045311089961262
2019-06-03,-0.642003758381116
2019-06-04,-0.5258017586464
2019-06-05,-0.6855888688327313
2019-06-06,-0.7384962323470898
2019-06-07,-0.49196302931579416
2019-06-10,-0.6044825596260264
2019-06-11,-0.9153086754446476
2019-06-12,-0.734903766122447
2019-06-13,-0.9020669122353413
2019-06-14,-0.965271545255859
2019-06-17,-1.0219958500102815
2019-06-18,-1.1324345638314652
2019-06-19,-1.181879789258384
2019-06-20,-1.044848053895953
2019-06-21,-0.9860195449916447
2019-06-24,-1.1602152488475599
2019-06-25,-1.136770490547599
2019-06-26,-1.0570971528457322
2019-06-27,-0.9683877780507766
2019-06-28,-0.8495664844281499
2019-07-01,-0.616792688990453
2019-07-02,-0.4699580683826007
2019-07-03,-0.38459195604425284
2019-07-05,-0.319573861133738
2019-07-08,-0.594189688872815
2019-07-09,-0.6273403758191389
2019-07-10,-0.6866644825386758
2019-07-11,-0.6649226049888749
2019-07-12,-0.6903732697478863
2019-07-15,-0.7952261494089533
2019-07-16,-0.7038006516643155
2019-07-17,-0.4744255367904307
2019-07-18,-0.36746845297947767
2019-07-19,-0.15596164275363508
2019-07-22,-0.12791238958399753
2019-07-23,-0.1088854214293841
2019-07-24,0.3742939363868765
2019-07-25,0.5023091265790097
2019-07-26,0.36139686491559797
2019-07-29,0.360575939747845
2019-07-30,0.2456295601187557
2019-07-31,0.16219335819225422
2019-08-01,0.2554601042406758
2019-08-02,0.16130326283922983
2019-08-05,-0.1402112943335424
2019-08-06,-0.1338694611583605
2019-08-07,-0.18948478066869212
2019-08-08,0.03321756137004536
2019-08-09,-0.13184272168474145
2019-08-12,-0.21669361674777937
2019-08-13,-0.22106974086398853
2019-08-14,-0.4445168844859931
2019-08-15,-0.47799155769306045
2019-08-16,-0.5370527085665002
2019-08-19,-0.34161327962227933
2019-08-20,-0.4781078786776267
2019-08-21,-0.552699274525602
2019-08-22,-0.5786677112061912
2019-08-23,-0.6532742002240086
2019-08-26,-0.6229717846963083
2019-08-27,-0.583783631375472
2019-08-28,-0.6893668262272105
2019-08-29,-0.5023181440381388
2019-08-30,-0.48174054230234614
2019-09-03,-0.46320355965552523
2019-09-04,-0.34921647274781803
2019-09-05,-0.3943131053977411
2019-09-06,-0.27676692380353735
2019-09-09,-0.24496041871670482
2019-09-10,-0.2992453356286974
2019-09-11,0.28686649948227394
2019-09-12,0.3011757094438184
2019-09-13,0.39105204223633594
2019-09-16,0.1830395280815924
2019-09-17,-0.0032656936159946187
2019-09-18,-0.02604177391717539
2019-09-19,-0.024435849766074987
2019-09-20,-0.11171359414796875
2019-09-23,-0.0629150001507657
2019-09-24,-0.06348684908777544
2019-09-25,-0.011614901879284855
2019-09-26,-0.17784067430257325
2019-09-27,-0.36760682053310306
2019-09-30,-0.3232411098510944
2019-10-01,-0.6352467221908552
2019-10-02,-0.8946147527242899
2019-10-03,-1.001344679336266
2019-10-04,-0.714672197216462
2019-10-07,-0.7667379300857808
2019-10-08,-0.6499157170602732
2019-10-09,-0.5147389820796896
2019-10-10,-0.5829136347224839
2019-10-11,-0.34387278860231624
2019-10-14,-0.3856607438882658
2019-10-15,-0.2323319153989681
2019-10-16,-0.24538123403922346
2019-10-17,-0.03417770459684629
2019-10-18,-0.039643322034353994
2019-10-21,0.11274813276533412
2019-10-22,0.2287633002384402
2019-10-23,0.630954010924337
2019-10-24,0.6961633368494133
2019-10-25,0.8908579642103684
2019-10-28,0.9521131948962449
2019-10-29,0.8759341532654721
2019-10-30,0.7584307237176118
2019-10-31,0.7120049020238378
2019-11-01,0.8142593208115689
2019-11-04,0.8186323872666027
2019-11-05,0.9588137269620963
2019-11-06,1.0866376861396707
2019-11-07,1.1981992648202981
2019-11-08,1.2285771971552415
2019-11-11,1.1774487104382418
2019-11-12,1.1106529522848587
2019-11-13,1.1718722567863222
2019-11-14,1.2186636032326985
2019-11-15,1.2833590529742385
2019-11-18,1.2886322258426928
2019-11-19,1.2839295608194747
2019-11-20,1.1694260430819619
2019-11-21,1.2463473316497362
2019-11-22,1.2007965121391395
2019-11-25,1.1570038639486324
2019-11-26,1.1131545840964232
2019-11-27,1.1783457591904858
2019-11-29,1.1374201400268513
2019-12-02,1.2208217568607247
2019-12-03,1.1926410895366812
2019-12-04,1.1700933799889632
2019-12-05,1.2983935725962565
2019-12-06,1.2644578866665925
2019-12-09,1.3123385988969782
2019-12-10,1.201005390969821
2019-12-11,1.1583217280233937
2019-12-12,0.965226071414322
2019-12-13,0.8517554153364204
2019-12-16,0.8498242913700846
2019-12-17,0.7874405835173274
2019-12-18,0.6997237454446034
2019-12-19,0.5970264647653007
2019-12-20,0.3823065926827629
2019-12-23,0.44258877856919626
2019-12-24,0.4334545713225561
2019-12-26,0.3961202048290789
2019-12-27,0.5272100893242757
2019-12-30,0.44761408876139175
2019-12-31,0.42082606800482064
2020-01-02,0.6436460721198967
2020-01-03,0.47786182049641995
2020-01-06,0.6458847480853678
2020-01-07,0.8432760064732074
2020-01-08,0.8928941845463861
2020-01-09,1.1029875151901818
2020-01-10,1.0552992475288507
2020-01-13,1.333280384293596
2020-01-14,1.2010248828926098
2020-01-15,1.238723433046912
2020-01-16,1.2459831479889085
2020-01-17,1.3863374403306634
2020-01-21,1.301219190668573
2020-01-22,0.6078817035931143
2020-01-23,0.3002479441538991
2020-01-24,0.21316398543283485
2020-01-27,-0.055986224868738194
2020-01-28,0.011706582036891325
2020-01-29,0.12598428366719946
2020-01-30,0.24658324053269687
2020-01-31,-0.08752977410946605
2020-02-03,-0.28568398491159164
2020-02-04,-0.03594710053180406
2020-02-05,0.07146538369430083
2020-02-06,0.19061627588511929
2020-02-07,-0.047354568836543466
2020-02-10,-0.03161117381566901
2020-02-11,0.17554021777124368
2020-02-12,0.08832031860553542
2020-02-13,-0.13249365151320466
2020-02-14,-0.14061448902303467
2020-02-18,-0.0974891777395315
2020-02-19,0.18809381105897893
2020-02-20,-0.06145879570546164
2020-02-21,0.02763815041115312
2020-02-24,-0.48431577023521855
2020-02-25,-0.8354497190356627
2020-02-26,-0.9094070219774912
2020-02-27,-0.5956723386401346
2020-02-28,-0.35255973520442474
2020-03-02,-0.6187169870948597
2020-03-03,-1.0228513602706726
2020-03-04,-1.045248036203902
2020-03-05,-1.3247521476733266
2020-03-06,-1.189796223269747
2020-03-09,-0.6626116468107958
2020-03-10,-0.8119749513294697
2020-03-11,-0.6073756041311313
2020-03-12,-1.2111696187599768
2020-03-13,-0.10770549506445866
2020-03-16,-0.7954069395193365
2020-03-17,0.15821511876459937
2020-03-18,1.065021256569918
2020-03-19,0.5240904450012712
2020-03-20,0.12491840373398737
2020-03-23,0.270876808604163
2020-03-24,0.6875239708903893
2020-03-25,1.1830505978099803
2020-03-26,0.5772877892779041
2020-03-27,0.501896301276743
2020-03-30,1.0809201605374843
2020-03-31,1.2901384889980951
2020-04-01,1.443072819949597
2020-04-02,2.1130410655323417
2020-04-03,2.393240172785269
2020-04-06,2.5962223712176273
2020-04-07,2.4943044772142224
2020-04-08,2.0715104537850486
2020-04-09,1.904286404794797
2020-04-13,1.955055713381166
2020-04-14,2.194156248824204
2020-04-15,1.9312372905579789
2020-04-16,2.1304263108887285
2020-04-17,1.8082267050807568
2020-04-20,1.614104533434057
2020-04-21,1.1408984588632032
2020-04-22,1.5040173372128336
2020-04-23,1.1510800141620439
2020-04-24,1.2921797148643135
2020-04-27,1.2834060268400775
2020-04-28,1.1821007859509993
2020-04-29,1.2506145180243844
2020-04-30,1.1261212827798464
2020-05-01,0.846520342248648
2020-05-04,0.9922855682352384
2020-05-05,0.7045997163786242
2020-05-06,0.7006084814005219
2020-05-07,0.7748155948876357
2020-05-08,0.8043121784174214
2020-05-11,0.9588870186126581
2020-05-12,0.9586039640665208
2020-05-13,0.8260660148966388
2020-05-14,1.0139576688225276
2020-05-15,0.9425761734077279
2020-05-18,1.1581874819350637
2020-05-19,1.0245600394438856
2020-05-20,0.9316801304025923
2020-05-21,0.8066283190591532
2020-05-22,0.7769932404384542
2020-05-26,0.9889919840411096
2020-05-27,1.0900217033774264
2020-05-28,0.9797615545099433
2020-05-29,0.9725031806597214
2020-06-01,1.264296588479003
2020-06-02,1.214982904743779
2020-06-03,1.5855678222198097
2020-06-04,1.4803431987214566
2020-06-05,1.303122478824957
2020-06-08,0.9704186725491722
2020-06-09,1.3835406181100844
2020-06-10,1.1961308099213654
2020-06-11,0.9660593853552858
2020-06-12,0.9094237427089259
2020-06-15,0.7981653172744759
2020-06-16,0.8233267084026611
2020-06-17,0.7809122203870285
2020-06-18,0.5063518107551556
2020-06-19,0.6597208366445286
2020-06-22,0.4743107158301716
2020-06-23,0.3855037776589099
2020-06-24,0.24362529705798536
2020-06-25,0.19788203297834273
2020-06-26,0.5358244270299446
2020-06-29,0.48341595029161694
2020-06-30,0.8205462932606192
2020-07-01,0.7104403394311343
2020-07-02,0.8260333504899419
2020-07-06,0.8543857569057557
2020-07-07,1.023099409062545
2020-07-08,1.3337129816120725
2020-07-09,1.0372036359314607
2020-07-10,1.3672825360118925
2020-07-13,1.479761262144804
2020-07-14,1.729237138547512
2020-07-15,1.1541289974576288
2020-07-16,1.0532660116828867
2020-07-17,0.8457900270579778
2020-07-20,0.9974008816272749
2020-07-21,0.9321293117330616
2020-07-22,0.30026033292709997
2020-07-23,0.34725982388961474
2020-07-24,0.1941788580765758
2020-07-27,0.3979315690996802
2020-07-28,0.5476886368416168
2020-07-29,0.5647090917599343
2020-07-30,0.5536103890088121
2020-07-31,0.7546877812595565
2020-08-03,0.9054381200382644
2020-08-04,0.8736253958667457
2020-08-05,0.9414905486413897
2020-08-06,0.9471078064706313
2020-08-07,1.2851572447609365
2020-08-10,1.2427019525679832
2020-08-11,1.1145130754150543
2020-08-12,1.2002453192832512
2020-08-13,1.1160643157734826
2020-08-14,1.1750638294550282
2020-08-17,1.224648029212818
2020-08-18,1.3331550122904205
2020-08-19,1.4702628712373413
2020-08-20,1.3088145463299896
2020-08-21,1.386999015179853
2020-08-24,1.551769897066527
2020-08-25,1.4297166564416632
2020-08-26,1.3672970224044894
2020-08-27,1.377134492742545
2020-08-28,1.2484714575662004
2020-08-31,1.1797098628165552
2020-09-01,1.0794954563405554
2020-09-02,1.2884036781557717
2020-09-03,1.293602068531515
2020-09-04,1.2670410774366343
2020-09-08,1.0032408979025396
2020-09-09,0.8927473727513945
2020-09-10,0.6292717862552923
2020-09-11,0.7956692977703487
2020-09-14,0.6236123831569539
2020-09-15,0.49590729961021524
2020-09-16,1.165358507585914
2020-09-17,1.1281964869614538
2020-09-18,0.94337952733863
2020-09-21,0.9313845101497945
2020-09-22,0.8280399912635232
2020-09-23,0.6388864981473213
2020-09-24,0.49717414433072504
2020-09-25,0.6133402178810293
2020-09-28,0.7240406739938247
2020-09-29,0.7127696253736855
2020-09-30,0.7387921390697053
2020-10-01,0.5834379121985659
2020-10-02,0.6316225119896599
2020-10-05,0.7134326910650245
2020-10-06,0.7027340981591379
2020-10-07,0.7067806237071589
2020-10-08,0.9646597853885915
2020-10-09,1.2560544244544134
2020-10-12,1.3394906263809163
2020-10-13,1.2265364011328115
2020-10-14,1.3964703539880623
2020-10-15,1.6615323727124687
2020-10-16,1.7566252467117496
2020-10-19,1.5057787703106258
2020-10-20,1.3764256173436873
2020-10-21,1.798108707659748
2020-10-22,1.3764256173436873
2020-10-23,0.9037102625951593
2020-10-26,0.8068240254059228
2020-10-27,0.7732933273144035
2020-10-28,0.4098719024958434
2020-10-29,0.27331505947135776
2020-10-30,0.12346103513036048
2020-11-02,-0.025743675597361317
2020-11-03,0.37140089188177156
2020-11-04,0.5123954962143568
2020-11-05,0.5907667973258327
2020-11-06,0.8211552819365264
2020-11-09,0.9135005821339153
2020-11-10,0.8753798755653208
2020-11-11,0.7485353078091689
2020-11-12,0.8038335944579703
2020-11-13,1.1234637121777944
2020-11-16,0.9430726824709479
2020-11-17,1.1400425187590262
2020-11-18,1.048485479322691
2020-11-19,1.0962699692685518
2020-11-20,0.9344970513232076
2020-11-23,1.1059752911376686
2020-11-24,1.1243682939234205
2020-11-25,1.1487489572839245
2020-11-27,1.133198006832106
2020-11-30,1.1558834771562052
2020-12-01,0.9404734872830774
2020-12-02,0.9812279741321818
2020-12-03,0.8149052451098341
2020-12-04,1.0330231909789387
2020-12-07,1.1235328823630708
2020-12-08,1.1031836513807385
2020-12-09,0.798072963544909
2020-12-10,0.5153155928187176
2020-12-11,0.383252535986786
2020-12-14,0.3769314082888871
2020-12-15,0.5894327031059903
2020-12-16,0.5554409922918745
2020-12-17,0.9002373791327952
2020-12-18,0.9668822312089802
2020-12-21,0.6075067251611909
2020-12-22,0.5347677750487999
2020-12-23,0.40371247564623375
2020-12-24,0.42247527440025684
2020-12-28,0.5407455521004458
2020-12-29,0.6187016501968429
2020-12-30,0.44230807455278487
2020-12-31,0.5549591465547083
2021-01-04,0.5188098888898116
2021-01-05,0.23209708183264566
2021-01-06,0.17100357917814468
2021-01-07,0.012016688682284593
2021-01-08,0.04979136242107524
2021-01-11,0.07287059596843729
2021-01-12,0.10045749532369977
2021-01-13,-0.04702497026835911
2021-01-14,0.10296046822704405
2021-01-15,-0.1374718109061103
2021-01-19,-0.06482981739277369
2021-01-20,-0.3494006500089622
2021-01-21,-0.3622770160029564
2021-01-22,-0.3272945887983324
2021-01-25,-0.11631808901764437
2021-01-26,-0.03224658063050925
2021-01-27,-0.14676653262963654
2021-01-28,-0.3667997749807015
2021-01-29,-0.425683574454925
2021-02-01,-0.375741537658282
2021-02-02,-0.42601317302311187
2021-02-03,-0.4344234117010571
2021-02-04,-0.31252742377536685
2021-02-05,-0.11271052962315944
2021-02-08,-0.2492673726476426
2021-02-09,-0.24441501510170818
2021-02-10,-0.42412919985607467
2021-02-11,-0.30801975796746395
2021-02-12,-0.2585733189860531
2021-02-16,-0.5795677172654051
2021-02-17,-0.7916670819055368
2021-02-18,-0.8938465906632678
2021-02-19,-1.2674024471644587
2021-02-22,-1.2516992495436645
2021-02-23,-1.4311862770990516
2021-02-24,-1.4557066491049557
2021-02-25,-1.3497352761543102
2021-02-26,-1.4684597407151716
2021-03-01,-1.1963109596950208
2021-03-02,-1.4115057241155053
2021-03-03,-1.1854185811283084
2021-03-04,-1.103182581200222
2021-03-05,-0.9573267452365455
2021-03-08,-1.0165596352017532
2021-03-09,-0.7439428880597951
2021-03-10,-1.0188147454288436
2021-03-11,-0.9261473796566426
2021-03-12,-0.9257486109031844
2021-03-15,-0.22962009084803728
2021-03-16,0.035277142183816994
2021-03-17,0.03995776063798101
2021-03-18,-0.26777416895477674
2021-03-19,-0.31269089555922797
2021-03-22,-0.546264783150112
2021-03-23,-0.43571096189885244
2021-03-24,-0.16676841687346533
2021-03-25,0.06168454501794111
2021-03-26,0.409534920684645
2021-03-29,0.964143531492243
2021-03-30,0.6533714926890523
2021-03-31,0.3876213040430724
2021-04-01,0.29451241747106727
2021-04-05,0.49975473166071077
2021-04-06,0.2767629884538593
2021-04-07,0.3336603733918258
2021-04-08,0.4110245238511866
2021-04-09,0.621346225248445
2021-04-12,0.6929748490249689
2021-04-13,0.7110910163492724
2021-04-14,0.741276376577872
2021-04-15,0.594310341815615
2021-04-16,0.25864816222133313
2021-04-19,0.3045436734699538
2021-04-20,0.8739584331461095
2021-04-21,0.3814649620377232
2021-04-22,0.6585698830647955
2021-04-23,0.6619270251367562
2021-04-26,0.2787634101427532
2021-04-27,0.5193120102604738
2021-04-28,0.5717016018532531
2021-04-29,0.6989677192464545
2021-04-30,0.7826171987565765
2021-05-03,0.8039382609838639
2021-05-04,0.6426006447536363
2021-05-05,0.8081370337008668
2021-05-06,0.9425508162671584
2021-05-07,0.9123987000394171
2021-05-10,1.1405887060847226
2021-05-11,0.961313615021184
2021-05-12,0.9000029662281008
2021-05-13,0.924627093511917
2021-05-14,0.86524195637773
2021-05-17,0.8616301257675828
2021-05-18,0.5847798932786971
2021-05-19,0.6795487810172294
2021-05-20,0.868226775018243
2021-05-21,0.9860528497350682
2021-05-24,1.1740621657373007
2021-05-25,1.3409206899749522
2021-05-26,1.307750511105842
2021-05-27,1.1683473445317556
2021-05-28,1.26722512932473
2021-06-01,1.2580921356325805
2021-06-02,1.191564945632743
2021-06-03,1.2276368661586605
2021-06-04,1.3238399389565203
2021-06-07,1.060839244798366
2021-06-08,1.2436501704248528
2021-06-09,1.3117486994831602
2021-06-10,1.3662053554869218
2021-06-11,1.3342950679390984
2021-06-14,1.3982860410347384
2021-06-15,1.590706066245812
2021-06-16,1.631286866134123
2021-06-17,1.354691449720718
2021-06-18,1.1524339541715924
2021-06-21,1.414533328361838
2021-06-22,1.2385058842476215
2021-06-23,1.2482105993394927
2021-06-24,1.3957484830387583
2021-06-25,1.53491766655193
2021-06-28,1.6167548977265531
2021-06-29,1.7702000472004158
2021-06-30,1.8087761541841685
2021-07-01,1.7791209768634304
2021-07-02,1.9593541470938642
2021-07-06,1.964440487700706
2021-07-07,2.001870469701463
2021-07-08,1.8939415546455485
2021-07-09,2.1018723329083713
2021-07-12,2.0746440049064896
2021-07-13,2.03366309517294
2021-07-14,1.8244088405279186
2021-07-15,1.8129252486386909
2021-07-16,2.2017275612537457
2021-07-19,1.8366082612152226
2021-07-20,2.1234884086112076
2021-07-21,2.242653052880088
2021-07-22,2.016607448384744
2021-07-23,2.068995826423033
2021-07-26,2.0874705651007193
2021-07-27,2.031889830683026
2021-07-28,1.8187550497370224
2021-07-29,1.9517346472439916
2021-07-30,1.9517553527212759
2021-08-02,1.8681461981485108
2021-08-03,1.6974265119953866
2021-08-04,1.6790499434712503
2021-08-05,1.6900725226378828
2021-08-06,1.9684317226788122
2021-08-09,1.9790736839229977
2021-08-10,1.8621017783747837
2021-08-11,1.9559900516226842
2021-08-12,2.0247157201879173
2021-08-13,1.9215228416933787
2021-08-16,2.012775386791757
2021-08-17,1.9902899212131757
2021-08-18,1.9969212830937557
2021-08-19,2.037963095704662
2021-08-20,2.100306606157349
2021-08-23,2.2365533425364363
2021-08-24,2.2040518416661024
2021-08-25,2.3477300320789594
2021-08-26,2.4533138337079383
2021-08-27,2.6070426445051864
2021-08-30,2.5430781167315644
2021-08-31,2.528498997524697
2021-09-01,2.4444897331066966
2021-09-02,2.546766198463487
2021-09-03,2.4946255555641677
2021-09-07,2.1634905337005823
2021-09-08,2.210227675594243
2021-09-09,2.0586168210249456
2021-09-10,1.7654087200691253
2021-09-13,1.4320154027799985
2021-09-14,0.8755574038979854
2021-09-15,0.7247674744964487
2021-09-16,0.5890938006088531
2021-09-17,0.4345025261520019
2021-09-20,0.47031404547808664
2021-09-21,0.3139659407929306
2021-09-22,0.4096871678536243
2021-09-23,0.508310136571123
2021-09-24,0.39135906403747
2021-09-27,0.5247179383751088
2021-09-28,0.3143741904087889
2021-09-29,0.01929281070281819
2021-09-30,-0.18122856009528931
2021-10-01,-0.38972157889542913
2021-10-04,-0.641678988409669
2021-10-05,-0.31994795550075256
2021-10-06,-0.2226748813043878
2021-10-07,0.03512620892353747
2021-10-08,0.30278802961306456
2021-10-11,0.4371451805176639
2021-10-12,0.40550480221516083
2021-10-13,0.559370767011541
2021-10-14,0.9569166578904026
2021-10-15,1.2219428779676864
2021-10-18,1.2338265797021524
2021-10-19,1.2040966198887033
2021-10-20,1.5939424885802598
2021-10-21,1.5065484232137947
2021-10-22,1.3569422615490587
2021-10-25,0.9986008307153663
2021-10-26,1.0814860167194278
2021-10-27,1.087068082678792
2021-10-28,1.247007312496811
2021-10-29,1.4460794050657513
2021-11-01,1.351041949173681
2021-11-02,1.4247929279311047
2021-11-03,1.3140107359263802
2021-11-04,1.199795278265204
2021-11-05,1.2783791226457735
2021-11-08,1.225223896455156
2021-11-09,0.9639825871715698
2021-11-10,1.117310074569089
2021-11-11,1.1250655148636033
2021-11-12,1.3216151426064058
2021-11-15,1.4157153523461594
2021-11-16,1.290912010456227
2021-11-17,1.1415203399296023
2021-11-18,0.90330041897719
2021-11-19,0.9553095201848141
2021-11-22,1.243396695441152
2021-11-23,1.2819507558558478
2021-11-24,1.2355790111775007
2021-11-26,0.9520076686827709
2021-11-29,1.1811142154031165
2021-11-30,0.6839457381480132
2021-12-01,0.6515064812468113
2021-12-02,0.9596315672855976
2021-12-03,0.8717833150584702
2021-12-06,0.7886848514707807
2021-12-07,0.9797675206842995
2021-12-08,0.8651866658078126
2021-12-09,0.9017762307180202
2021-12-10,0.7870984192424714
2021-12-13,0.9184015813212963
2021-12-14,0.7949908859988337
2021-12-15,0.5740605948955324
2021-12-16,0.7041176177311256
2021-12-17,0.9083521744913936
2021-12-20,0.7066664003419848
2021-12-21,0.8922627466407154
2021-12-22,0.9095925738898941
2021-12-23,0.934277731588354
2021-12-27,1.1281873599659618
2021-12-28,0.9713989480354923
2021-12-29,0.8961375330969635
2021-12-30,0.8589001232025456
2021-12-31,0.9322315001919427
2022-01-03,0.8375166894688446
2022-01-04,0.8536350901047165
2022-01-05,0.7996602798381209
2022-01-06,0.27044143091217215
2022-01-07,0.6500844320503534
2022-01-10,0.5907394923162468
2022-01-11,0.9419539634541232
2022-01-12,1.161430577575306
2022-01-13,1.0549276806250216
2022-01-14,0.9262438124341047
2022-01-18,0.9445330599419584
2022-01-19,0.46215685194005396
2022-01-20,-0.2682036814290005
2022-01-21,-1.1223761059829522
2022-01-24,-0.8295126967651657
2022-01-25,-0.9339668076727757
2022-01-26,-1.1819329822089095
2022-01-27,-1.0754326399048906
2022-01-28,-1.0381177653342044
2022-01-31,-0.8178007341224702
2022-02-01,-0.7129660052924157
2022-02-02,-0.6463626917080922
2022-02-03,-0.6474326931065921
2022-02-04,-0.6556893435237845
2022-02-07,-0.6220637642395139
2022-02-08,-0.5191601593758002
2022-02-09,-0.20716842665139326
2022-02-10,-0.2611433644552729
2022-02-11,-0.4185589158926658
2022-02-14,-0.5025681803106665
2022-02-15,-0.23435655725319499
2022-02-16,-0.10947709177876914
2022-02-17,-0.9259290471466486
2022-02-18,-0.8563617479363831
2022-02-22,-1.0196637321338025
2022-02-23,-1.0970015648084293
2022-02-24,-0.8729550409102041
2022-02-25,-0.7701124664611392
2022-02-28,-1.3057990779465227
2022-03-01,-1.3183194000503171
2022-03-02,-1.3817995546235924
2022-03-03,-1.336765165942805
2022-03-04,-1.2589952933307738
2022-03-07,-1.1532548457798641
2022-03-08,-1.185507270419451
2022-03-09,-1.2241846052179277
2022-03-10,-1.4047002232172485
2022-03-11,-1.4776869084686166
2022-03-14,-1.2107560097470103
2022-03-15,-0.9907836702733074
2022-03-16,-0.4831656763430583
2022-03-17,-0.3948343648242815
2022-03-18,-0.35020129954322293
2022-03-21,-0.4477958053540694
2022-03-22,-0.25138454516488973
2022-03-23,-0.03133046979925887
2022-03-24,0.10233717009199583
2022-03-25,0.3818840336077612
2022-03-28,0.4917484713829602
2022-03-29,0.6738698859961023
2022-03-30,1.2089696829119194
2022-03-31,0.8539564213649965
2022-04-01,1.1538569146160382
2022-04-04,1.1801479964656036
2022-04-05,1.3475783696402586
2022-04-06,1.2590614394143576
2022-04-07,1.4361990823271518
2022-04-08,1.62871472304551
2022-04-11,1.5257488742126617
2022-04-12,1.5315605244799744
2022-04-13,1.5351516496128448
2022-04-14,1.0855010420190747
2022-04-18,0.814855743780817
2022-04-19,0.6216853046790317
2022-04-20,0.6782378703416876
2022-04-21,0.6070702592877588
2022-04-22,0.11299986399655072
2022-04-25,0.08831470629809576
2022-04-26,0.9278571198282141
2022-04-27,0.9297870302400667
2022-04-28,0.7460388584612507
2022-04-29,0.451804721707762
2022-05-02,0.5960948309204211
2022-05-03,0.6121440613710241
2022-05-04,0.8576765607263741
2022-05-05,0.7855717035201211
2022-05-06,0.709758059104664
2022-05-09,0.8333417070733827
2022-05-10,0.8229878059055289
2022-05-11,0.7123634733772232
2022-05-12,0.8637057597929747
2022-05-13,1.0841750381736859
2022-05-16,1.0060867916083471
2022-05-17,0.9766404931182884
2022-05-18,0.9203759875319667
2022-05-19,0.8716743501338304
2022-05-20,1.1555212141813178
2022-05-23,1.2310442438741727
2022-05-24,1.1621468362171716
2022-05-25,1.11095610553104
2022-05-26,1.239655066891789
2022-05-27,1.8060102254347232
2022-05-31,1.5675229498832586
2022-06-01,1.3346177402911559
2022-06-02,1.6175814352017508
2022-06-03,1.4687823190894163
2022-06-06,1.4947287092009476
2022-06-07,1.7342859861509172
2022-06-08,1.5458212697335343
2022-06-09,1.451802795885706
2022-06-10,1.1468688526718438
2022-06-13,0.8613065693506201
2022-06-14,-0.0831479101485306
2022-06-15,-0.26664700569658834
2022-06-16,-0.16663953018223868
2022-06-17,-0.24249337199777235
2022-06-21,-0.012414994032473158
2022-06-22,-0.04262118727564743
2022-06-23,0.2991005052622097
2022-06-24,0.35108450223960175
2022-06-27,0.6845897417603444
2022-06-28,0.6914481333026173
2022-06-29,0.8521723621039787
2022-06-30,0.6203371539103821
2022-07-01,0.6665151129278961
2022-07-05,0.5477504509669655
2022-07-06,0.4915966540577729
2022-07-07,0.5180940600917406
2022-07-08,0.4777623364341764
2022-07-11,0.2649930802407742
2022-07-12,0.5307653154558183
2022-07-13,0.6183506118368385
2022-07-14,0.6575594706349579
2022-07-15,0.9280054984422319
2022-07-18,0.5568419061672624
2022-07-19,0.9318055024057702
2022-07-20,0.16439305031213058
2022-07-21,0.14604985332614417
2022-07-22,0.26668900759171443
2022-07-25,0.25312325812165976
2022-07-26,0.16017344458056804
2022-07-27,0.20207089498915104
2022-07-28,0.44959676227997386
2022-07-29,0.5196194619053974
2022-08-01,0.34492816023425255
2022-08-02,0.4911909319050952
2022-08-03,0.6492959943558377
2022-08-04,0.8882247907071065
2022-08-05,0.6863824981730561
2022-08-08,0.5218940640552739
2022-08-09,0.4998836183519337
2022-08-10,0.5507006573317577
2022-08-11,0.4644539305027842
2022-08-12,0.5639588548026797
2022-08-15,0.4805006063071216
2022-08-16,0.28108382200014975
2022-08-17,0.2706537972478025
2022-08-18,0.18031766528718038
2022-08-19,0.020475264530931604
2022-08-22,0.02321222049517824
2022-08-23,-0.06769818751143371
2022-08-24,-0.05321468381185085
2022-08-25,-0.10104010547231662
2022-08-26,-0.33300806891210016
2022-08-29,-0.08160301641207522
2022-08-30,0.03383908856952917
2022-08-31,0.08332572495101534
2022-09-01,0.02289263298738376
2022-09-02,-0.12818108527482974
2022-09-06,0.11307773133352597
2022-09-07,0.28203363385913316
2022-09-08,0.2422875112166397
2022-09-09,0.1710381642707804
2022-09-12,-0.08888783558431265
2022-09-13,-0.13852110682732846
2022-09-14,0.041311953557866064
2022-09-15,-0.09341059456205522
2022-09-16,-0.26756475992611894
2022-09-19,0.0505015789117091
2022-09-20,-0.12944353124238686
2022-09-21,-0.2476697158044552
2022-09-22,-0.1947994920289991
2022-09-23,-0.27229384308826887
2022-09-26,-0.36224495837350124
2022-09-27,-0.4876207559776875
2022-09-28,-0.2960417546344071
2022-09-29,-0.41087181327893135
2022-09-30,-0.5293124889791134
2022-10-03,-0.3480508558420311
2022-10-04,-0.27470681279177456
2022-10-05,-0.230319055540703
2022-10-06,-0.3661461901517625
2022-10-07,-0.5434707928634585
2022-10-10,-0.5188403189576707
2022-10-11,-0.5667770560725058
2022-10-12,-0.5756426951656042
2022-10-13,-0.6747726138505036
2022-10-14,-1.0856572245377307
2022-10-17,-0.8437907603452465
2022-10-18,-0.7797652021569733
2022-10-19,-1.8777548343298278
2022-10-20,-1.8889088276508688
2022-10-21,-2.1245553919601745
2022-10-24,-2.5981519679765737
2022-10-25,-2.2650134667629205
2022-10-26,-2.1895029755936397
2022-10-27,-2.1239684498533253
2022-10-28,-2.007402266457787
2022-10-31,-1.9190721684934957
2022-11-01,-1.9685575913204911
2022-11-02,-1.8692603322967716
2022-11-03,-2.3113077467649994
2022-11-04,-2.1270280509865493
2022-11-07,-2.0553038117027382
2022-11-08,-1.9375304729095575
2022-11-09,-1.9996815387931923
2022-11-10,-1.860883364802771
2022-11-11,-1.4645792144141847
2022-11-14,-1.5376559028653927
2022-11-15,-1.4032434613908733
2022-11-16,-1.4245645236181532
2022-11-17,-1.2784747045935716
2022-11-18,-0.9889350659095958
2022-11-21,-0.9918783460582535
2022-11-22,-0.9238408474146
2022-11-23,-0.920745320096963
2022-11-25,-0.8975704710423189
2022-11-28,-1.007657667263536
2022-11-29,-1.0619205376064706
2022-11-30,-0.9773187187741847
2022-12-01,-0.8286511443535454
2022-12-02,-1.0667728951524076
2022-12-05,-0.7588856607294926
2022-12-06,-0.7255425292141178
2022-12-07,-0.9385803535610617
2022-12-08,-0.9931477182419476
2022-12-09,-1.015771551374154
2022-12-12,-0.8112948717823523
2022-12-13,-0.44723740618862523
2022-12-14,-0.7390126631768917
2022-12-15,-0.8368355397412046
2022-12-16,-0.66673045457143
2022-12-19,-0.6365978302664773
2022-12-20,-0.6449665304525661
2022-12-21,-0.5314958743746607
2022-12-22,-0.8774578781213698
2022-12-23,-0.8331889965011325
2022-12-27,-0.9260279738278172
2022-12-28,-0.9909700726911278
2022-12-29,-0.7373708128413783
2022-12-30,-0.9050308978612821
2023-01-03,-0.7991633073716276
2023-01-04,-0.7642198640125919
2023-01-05,-0.6414017231044221
2023-01-06,-0.42315296985816075
2023-01-09,-0.38948585208203995
2023-01-10,-0.2914693173941854
2023-01-11,-0.08924762049218125
2023-01-12,0.06350935906010675
2023-01-13,0.3182369685394566
2023-01-17,0.6309735028471306
2023-01-18,1.0516652699954403
2023-01-19,0.05841914989830717
2023-01-20,-0.06170918584490465
2023-01-23,-0.25336931630287274
2023-01-24,-0.12562403535605493
2023-01-25,-0.453951717515624
2023-01-26,-0.25318248404126026
2023-01-27,-0.3729064387235654
2023-01-30,-0.54648754159614
2023-01-31,-0.5405858881289773
2023-02-01,-0.9673705397590061
2023-02-02,-0.8908895584365477
2023-02-03,-0.8577400850447144
2023-02-06,-0.8298430790440562
2023-02-07,-0.64153060979565
2023-02-08,-0.7230370288475905
2023-02-09,-0.6588951496747536
2023-02-10,-0.5502365262054194
2023-02-13,-0.4676394002776922
2023-02-14,-0.5345679136772585
2023-02-15,-0.5710606495256985
2023-02-16,-0.6903222503936286
2023-02-17,-0.5608382900495346
2023-02-21,-0.6212103515985211
2023-02-22,-0.43167257612145155
2023-02-23,-0.48314454102199195
2023-02-24,-0.6110641157068407
2023-02-27,-0.32519172574022626
2023-02-28,-0.2667853732502137
2023-03-01,-0.5179979811811815
2023-03-02,-0.4455428199294599
2023-03-03,-0.33684705672122445
2023-03-06,-0.17067791595963586
2023-03-07,-0.26177260158159105
2023-03-08,-0.07040187229174191
2023-03-09,-0.3238210985587255
2023-03-10,-0.41276018519892504
2023-03-13,1.834035941193151
2023-03-14,2.045061512459073
2023-03-15,2.020494016836954
2023-03-16,1.8608183496422774
2023-03-17,1.6542249273770169
2023-03-20,2.0151447203840114
2023-03-21,1.8419372820346704
2023-03-22,1.6837209041295587
2023-03-23,2.081561201706727
2023-03-24,1.7430865493409506
2023-03-27,1.600643880333684
2023-03-28,1.6875404000158905
2023-03-29,1.8658015145653764
2023-03-30,1.9958233455310908
2023-03-31,2.149323178797626
2023-04-03,2.1726924202903444
2023-04-04,2.4533324415658293
2023-04-05,2.6564158678129095
2023-04-06,2.291346980351395
2023-04-10,2.335270435919069
2023-04-11,2.6392734796025863
2023-04-12,2.585471015205006
2023-04-13,2.487261908410808
2023-04-14,2.385998206013585
2023-04-17,1.8593080409984604
2023-04-18,2.04674356019466
2023-04-19,2.0380100695705026
2023-04-20,2.0557054215722848
2023-04-21,2.2435825891055745
2023-04-24,2.6821545926482564
2023-04-25,1.6947566557800968
2023-04-26,1.3485461825798837
2023-04-27,1.1970862340877872
2023-04-28,1.1984796149697954
2023-05-01,1.3434239157886303
2023-05-02,1.560652373081947
2023-05-03,1.4273280838369464
2023-05-04,1.5278318914810602
2023-05-05,1.2065701386026533
2023-05-08,1.3002495330198882
2023-05-09,1.1201139261657604
2023-05-10,1.2462967693223506
2023-05-11,1.2361893897389782
2023-05-12,1.1961055287576752
2023-05-15,0.9743127739947582
2023-05-16,0.9051116063143343
2023-05-17,0.8221647831183787
2023-05-18,1.0419854822003476
2023-05-19,1.0670354303368768
2023-05-22,0.9202568346134775
2023-05-23,0.7916685819298463
2023-05-24,0.6758472001175736
2023-05-25,0.8086952559328489
2023-05-26,1.0963258172195456
2023-05-30,1.169311895693667
2023-05-31,1.3232180578901238
2023-06-01,1.341941266021313
2023-06-02,1.2981832029234368
2023-06-05,1.2477233942052184
2023-06-06,1.148653164843188
2023-06-07,0.9328237007393201
2023-06-08,0.7262453716439004
2023-06-09,0.9821594310436056
2023-06-12,1.05686775465339
2023-06-13,1.0953476393526165
2023-06-14,1.3701213265681125
2023-06-15,1.5062919393627114
2023-06-16,1.438254440719054
2023-06-20,1.260641905468308
2023-06-21,1.1861447840358388
2023-06-22,1.1533602286193638
2023-06-23,1.2043565668674205
2023-06-26,1.292246357586398
2023-06-27,1.303365765814806
2023-06-28,1.359883139607577
2023-06-29,1.5809455791798224
2023-06-30,1.7770743916001062
2023-07-03,1.7815625654852156
2023-07-05,1.609469724687409
2023-07-06,1.4979842695912702
2023-07-07,1.5860263074792245
2023-07-10,1.5395797803081688
2023-07-11,1.4586797952858699
2023-07-12,1.2333166208673692
2023-07-13,1.263999654317513
2023-07-14,0.6731732224369908
2023-07-17,0.46389886909192807
2023-07-18,0.41288109105205384
2023-07-19,1.6514734850201684
2023-07-20,1.053610096643673
2023-07-21,1.1940260261773217
2023-07-24,1.04724743045392
2023-07-25,1.002826301664706
2023-07-26,0.7574939074090796
2023-07-27,0.7397639703146602
2023-07-28,0.6989698928427234
2023-07-31,0.8749426531642666
2023-08-01,1.096121413721077
2023-08-02,1.1375633361772228
2023-08-03,1.1680179988739
2023-08-04,1.1459320363633116
2023-08-07,1.1686866768726787
2023-08-08,1.0171921432879465
2023-08-09,1.1870708055732775
2023-08-10,1.2923659403486794
2023-08-11,1.315218144234351
2023-08-14,1.4496160993162772
2023-08-15,1.3802613433750979
2023-08-16,1.3746641842458964
2023-08-17,1.2911864438275409
2023-08-18,1.2224601684850636
2023-08-21,1.0876068129879843
2023-08-22,1.0346660779354806
2023-08-23,1.0342999464056355
2023-08-24,0.9579497724603376
2023-08-25,0.8267837643806498
2023-08-28,0.9652295861023745
2023-08-29,0.8593973150198865
2023-08-30,0.9208437767203269
2023-08-31,0.7865621426229644
2023-09-01,0.8546751580738685
2023-09-05,0.7607673929031695
2023-09-06,0.9849655571931274
2023-09-07,0.9751079881550352
2023-09-08,0.8937116710029721
2023-09-11,1.040450069326296
2023-09-12,-0.23517915019655805
2023-09-13,-0.008305667134238918
2023-09-14,0.12417686392843526
2023-09-15,-0.05043770738097838
2023-09-18,0.003502517792981428
2023-09-19,-0.13769413950834503
2023-09-20,-0.11875765379353262
2023-09-21,0.026835226324043174
2023-09-22,0.07748747961131502
2023-09-25,0.027848596060852063
2023-09-26,0.10939581929011703
2023-09-27,0.10246069738611038
2023-09-28,0.09607793249631988
2023-09-29,-0.009161177394631343
2023-10-02,-0.10020252031569421
2023-10-03,-0.037721249086631096
2023-10-04,-0.21025439712974983
2023-10-05,-0.21042674299876554
2023-10-06,-0.014297930578482927
2023-10-09,-0.06527417012650322
2023-10-10,-0.12589970665918696
2023-10-11,-0.08054267280942976
2023-10-12,-0.27481709162510787
2023-10-13,-0.18039228884736166
2023-10-16,-0.09445311401751467
2023-10-17,-0.014131197016909349
2023-10-18,-0.5805209406524743
2023-10-19,-0.5815142116892467
2023-10-20,-0.36967658934072534
2023-10-23,-0.39361633867867163
2023-10-24,-0.4470954873613941
2023-10-25,-0.5332271067602945
2023-10-26,-0.430054997511681
2023-10-27,-0.5188404958911265
2023-10-30,-0.3429086672841956
2023-10-31,-0.293118143342
2023-11-01,-0.07807501931325192
2023-11-02,-0.04651637690267945
2023-11-03,-0.08129308670013773
2023-11-06,-0.18599566706125065
2023-11-07,-0.3457072604403389
2023-11-08,-0.3628641350432591
2023-11-09,-0.14411148949077124
2023-11-10,0.08440116172350418
2023-11-13,0.19724541260901554
2023-11-14,0.0191842756219655
2023-11-15,0.030207461565843415
2023-11-16,0.05800824528197558
2023-11-17,0.03538441214976912
2023-11-20,0.16253847977407276
2023-11-21,0.26426258811664816
2023-11-22,0.3552485129305044
2023-11-24,0.38579939791171014
2023-11-27,0.5410989409901762
2023-11-28,0.5155513196321069
2023-11-29,0.4687952925928994
2023-11-30,0.6711138185566737
2023-12-01,0.32407741465850837
2023-12-04,0.27023401854632
2023-12-05,0.5866032164787146
2023-12-06,0.5580570244020701
2023-12-07,0.3202384268493841
2023-12-08,0.31796321792226095
2023-12-11,0.4525694450576147
2023-12-12,0.48296808286984116
2023-12-13,0.3050045092590933
2023-12-14,0.3310415093477073
2023-12-15,0.5329806309435279
2023-12-18,0.691202621156082
2023-12-19,0.5796008450753779
2023-12-20,0.2708410593532058
2023-12-21,0.2683954524260908
2023-12-22,0.26906278933309213
2023-12-26,0.23933282951964313
2023-12-27,0.25104418538509454
2023-12-28,0.3068733892562933
2023-12-29,0.2939964164850575
2024-01-02,0.24651642087715267
2024-01-03,0.11756899006289326
2024-01-04,-0.016540298165453483
2024-01-05,-0.018663259923598595
2024-01-08,0.0679652983823101
2024-01-09,0.16432001157190387
2024-01-10,0.21539247340445025
2024-01-11,0.13512658128829438
2024-01-12,0.32105239861792134
2024-01-16,0.40428166958277384
2024-01-17,0.39717554290153007
2024-01-18,0.4475447416426633
2024-01-19,0.01714691831070751
2024-01-22,-0.10081752395974936
2024-01-23,-0.26255585681245663
2024-01-24,-0.346682176529553
2024-01-25,-0.2503475620399982
2024-01-26,-0.3664589517976266
2024-01-29,-0.5464423114827778
2024-01-30,-0.7064985965998962
2024-01-31,-0.6219112641602046
2024-02-01,-0.4526251562891627
2024-02-02,-0.39003451747475154
2024-02-05,-0.582875358008345
2024-02-06,-0.4741954222844824
2024-02-07,-0.31247718813181286
2024-02-08,-0.4076467924928273
2024-02-09,-0.21471033645195067
2024-02-12,-0.06682776101465618
2024-02-13,-0.3671005776971506
2024-02-14,-0.30108981852711114
2024-02-15,-0.20804317592424423
2024-02-16,-0.27474405288487863
2024-02-20,-0.4108586407950269
2024-02-21,-0.406178629118107
2024-02-22,-0.44762055157425273
2024-02-23,-0.12668839726403394
2024-02-26,0.1931183375404733
2024-02-27,0.0023948464575828357
2024-02-28,0.08260605478106656
2024-02-29,-0.018795408392537714
2024-03-01,0.12526961902744752
2024-03-04,0.20935440025268995
2024-03-05,0.03662880764051657
2024-03-06,-0.6263088280682287
2024-03-07,-0.5010852776330192
2024-03-08,-0.48860841470701655
2024-03-11,-0.46399938059304496
2024-03-12,-0.5750646271439119
2024-03-13,-0.509032428182055
2024-03-14,-0.44469810444016344
2024-03-15,-0.2701797554152784
2024-03-18,-0.158598078034612
2024-03-19,-0.1394345626581105
2024-03-20,-0.16242318622838486
2024-03-21,0.05584761358693683
2024-03-22,0.09706250638139224
2024-03-25,0.04975351555072583
2024-03-26,0.267816777627152
2024-03-27,0.09742107773477514
2024-03-28,0.19491996803834083
2024-04-01,0.31414759059088804
2024-04-02,0.30755655364767004
2024-04-03,0.38356264263218176
2024-04-04,0.24630253651628173
2024-04-05,0.2959408132895006
2024-04-08,0.26401237491066215
2024-04-09,0.23244812019264752
2024-04-10,0.19509926730657356
2024-04-11,0.18707465208127086
2024-04-12,0.06370549525066595
2024-04-15,0.15713642021439556
2024-04-16,-0.4387361548728928
2024-04-17,-0.2787961907403381
2024-04-18,-0.21534308826631754
2024-04-19,-0.36737609924991066
2024-04-22,-0.006358742866612822
2024-04-23,0.055239966002804446
2024-04-24,-0.05727895753018115
2024-04-25,-0.004848434222794408
2024-04-26,-0.07265890320476502
2024-04-29,-0.06010591669427511
2024-04-30,-0.11306735722406173
2024-05-01,-0.1370278120392923
2024-05-02,-0.15972776875598718
2024-05-03,-0.0010295451137065695
2024-05-06,-0.05796907532077732
2024-05-07,0.006001799074824919
2024-05-08,0.11748725417096269
2024-05-09,0.28321608768723905
2024-05-10,0.26915339931017607
2024-05-13,0.25402265740363206
2024-05-14,0.17623890517624957
2024-05-15,-0.08655485802025442
2024-05-16,-0.07799371326511219
2024-05-17,-0.1436238545127059
2024-05-20,-0.2200300533424557
